segment,week,purchasesTotalYTD,itemsTotalYTD,dollarsTotalYTD,purchasesCoreYTD,itemsCoreYTD,dollarsCoreYTD,purchasesExtraYTD,itemsExtraYTD,dollarsExtraYTD,purchasesTotalWeek,itemsTotalWeek,dollarsTotalWeek,purchasesCoreWeek,itemsCoreWeek,dollarsCoreWeek,purchasesExtraWeek,itemsExtraWeek,dollarsExtraWeek
Total,1,29954,33373,557527,22485,23740,75957,3794,4247,11900,29954,33373,557527,22485,23740,75957,3794,4247,11900
Total,2,53477,65002,1022766,40528,45592,150365,5775,6735,18805,28743,31629,465238,20829,21853,74408,2279,2488,6905
Total,3,70977,92446,1445177,56285,67317,227603,6974,8350,23346,25315,27444,422411,20723,21725,77238,1496,1615,4541
Total,4,91099,128003,2000914,75477,97105,348657,8060,9831,27436,32717,35557,555737,28211,29787,121054,1384,1480,4090
Total,5,112479,171002,2660483,96416,134105,504843,8985,11123,31880,39390,43000,659569,34760,37000,156186,1210,1293,4444
Total,6,140117,234185,3601687,124382,190320,725482,9735,12162,34830,56227,63183,941203,51231,56215,220639,993,1038,2950
Total,7,153575,272698,4140179,137149,221769,816314,10139,12752,36415,35144,38513,538492,29523,31449,90832,567,590,1584
Total,8,160763,300930,4531842,143796,244758,892619,10419,13179,37513,26190,28233,391662,21887,22989,76305,412,426,1098
Total,9,168121,333158,5000497,150761,271609,991140,10687,13594,38544,29800,32228,468656,25456,26852,98522,399,415,1030
Total,10,174939,365739,5482663,157218,298628,1092241,10906,13940,39412,30049,32581,482166,25567,27019,101101,334,346,868
Total,11,182023,402912,6035747,163919,329537,1211384,11099,14236,40095,33899,37174,553084,28921,30909,119143,287,296,683
Total,12,189965,447874,6717837,171195,365691,1341242,11316,14561,40800,40020,44962,682089,33249,36154,129858,313,325,705
Total,13,193911,472960,7051653,174849,385752,1400390,11450,14817,41412,23375,25086,333816,19205,20061,59149,239,257,613
Total,14,198167,501835,7446964,178922,409719,1475046,11558,14989,41811,26777,28876,395311,22762,23968,74656,168,172,399
Total,15,202505,532990,7883858,183131,435751,1561500,11658,15144,42196,28824,31155,436894,24660,26032,86454,153,155,385
Total,16,207017,566606,8360130,187596,464126,1660763,11756,15292,42514,31085,33616,476272,26865,28375,99263,145,147,318
Total,17,212910,611834,9028100,193670,503408,1812994,11871,15463,42885,41348,45228,667970,36783,39282,152231,169,171,372
Total,18,222632,684161,10133235,204068,568138,2046772,12012,15657,43336,64020,72327,1105135,58717,64730,233778,193,195,451
Total,19,226146,716180,10553805,207567,594833,2124474,12078,15752,43585,29635,32018,420570,25275,26695,77702,94,95,249
Total,20,229359,749297,10981131,210810,622962,2210034,12144,15846,43809,30573,33118,427326,26550,28129,85560,93,94,224
Total,21,232324,782026,11409675,213800,650828,2297092,12209,15940,44042,30218,32729,428544,26288,27866,87058,93,94,233
Total,22,235059,815327,11861633,216584,679596,2394012,12281,16043,44284,30883,33301,451958,27205,28769,96920,102,103,241
Total,23,235276,817987,11899437,216806,681892,2401945,12286,16050,44295,2645,2660,37804,2289,2296,7933,7,7,11
Total,24,235276,817987,11899437,216806,681892,2401945,12286,16050,44295,0,0,0,0,0,0,0,0,0
Total,25,235276,817987,11899437,216806,681892,2401945,12286,16050,44295,0,0,0,0,0,0,0,0,0
Total,26,235276,817987,11899437,216806,681892,2401945,12286,16050,44295,0,0,0,0,0,0,0,0,0
Total,27,235276,817987,11899437,216806,681892,2401945,12286,16050,44295,0,0,0,0,0,0,0,0,0
Total,28,235276,817987,11899437,216806,681892,2401945,12286,16050,44295,0,0,0,0,0,0,0,0,0
Total,29,235276,817987,11899437,216806,681892,2401945,12286,16050,44295,0,0,0,0,0,0,0,0,0
Total,30,235276,817987,11899437,216806,681892,2401945,12286,16050,44295,0,0,0,0,0,0,0,0,0
Total,31,235276,817987,11899437,216806,681892,2401945,12286,16050,44295,0,0,0,0,0,0,0,0,0
Total,32,235276,817987,11899437,216806,681892,2401945,12286,16050,44295,0,0,0,0,0,0,0,0,0
Total,33,235276,817987,11899437,216806,681892,2401945,12286,16050,44295,0,0,0,0,0,0,0,0,0
Total,34,235276,817987,11899437,216806,681892,2401945,12286,16050,44295,0,0,0,0,0,0,0,0,0
Total,35,235276,817987,11899437,216806,681892,2401945,12286,16050,44295,0,0,0,0,0,0,0,0,0
Total,36,235276,817987,11899437,216806,681892,2401945,12286,16050,44295,0,0,0,0,0,0,0,0,0
Total,37,235276,817987,11899437,216806,681892,2401945,12286,16050,44295,0,0,0,0,0,0,0,0,0
Total,38,235276,817987,11899437,216806,681892,2401945,12286,16050,44295,0,0,0,0,0,0,0,0,0
Total,39,235276,817987,11899437,216806,681892,2401945,12286,16050,44295,0,0,0,0,0,0,0,0,0
Total,40,235276,817987,11899437,216806,681892,2401945,12286,16050,44295,0,0,0,0,0,0,0,0,0
Total,41,235276,817987,11899437,216806,681892,2401945,12286,16050,44295,0,0,0,0,0,0,0,0,0
Total,42,235276,817987,11899437,216806,681892,2401945,12286,16050,44295,0,0,0,0,0,0,0,0,0
Total,43,235276,817987,11899437,216806,681892,2401945,12286,16050,44295,0,0,0,0,0,0,0,0,0
Total,44,235276,817987,11899437,216806,681892,2401945,12286,16050,44295,0,0,0,0,0,0,0,0,0
Total,45,235276,817987,11899437,216806,681892,2401945,12286,16050,44295,0,0,0,0,0,0,0,0,0
Total,46,235276,817987,11899437,216806,681892,2401945,12286,16050,44295,0,0,0,0,0,0,0,0,0
Total,47,235276,817987,11899437,216806,681892,2401945,12286,16050,44295,0,0,0,0,0,0,0,0,0
Total,48,235276,817987,11899437,216806,681892,2401945,12286,16050,44295,0,0,0,0,0,0,0,0,0
Total,49,235276,817987,11899437,216806,681892,2401945,12286,16050,44295,0,0,0,0,0,0,0,0,0
Total,50,235276,817987,11899437,216806,681892,2401945,12286,16050,44295,0,0,0,0,0,0,0,0,0
Total,51,235276,817987,11899437,216806,681892,2401945,12286,16050,44295,0,0,0,0,0,0,0,0,0
Total,52,235276,817987,11899437,216806,681892,2401945,12286,16050,44295,0,0,0,0,0,0,0,0,0
New,1,2008,2162,34770,1388,1436,3795,193,207,537,2008,2162,34770,1388,1436,3795,193,207,537
New,2,3740,4268,65185,2607,2802,7546,300,333,874,1966,2105,30415,1323,1366,3751,118,126,337
New,3,5113,6102,92483,3733,4160,11381,367,412,1077,1725,1834,27298,1316,1359,3835,76,79,204
New,4,6684,8347,126900,5096,5918,16863,428,486,1278,2112,2246,34417,1696,1757,5482,71,75,201
New,5,8505,11142,170072,6734,8187,24395,485,558,1512,2625,2795,43172,2180,2269,7532,68,72,233
New,6,11258,15615,239328,9342,12032,37026,533,617,1676,4149,4473,69256,3644,3846,12631,57,59,164
New,7,12952,18764,285888,10851,14518,43116,561,653,1773,2943,3149,46560,2382,2486,6090,35,36,97
New,8,13777,20677,312560,11543,15962,46932,576,673,1830,1809,1914,26672,1399,1444,3816,19,20,57
New,9,14653,22846,343947,12306,17650,51713,591,692,1879,2048,2169,31388,1632,1688,4781,19,19,49
New,10,15457,24948,374538,13009,19285,56467,603,708,1924,1984,2102,30590,1583,1636,4754,15,16,45
New,11,16274,27206,408048,13723,21042,61781,613,721,1958,2125,2258,33510,1692,1757,5314,13,13,34
New,12,17227,30018,452362,14540,23190,68293,624,735,1990,2613,2811,44313,2049,2148,6512,13,14,32
New,13,17729,31619,474544,14968,24385,71187,631,745,2015,1522,1602,22182,1163,1196,2894,10,10,26
New,14,18277,33427,499550,15454,25791,74745,637,753,2033,1713,1807,25006,1361,1405,3558,8,8,18
New,15,18853,35445,528309,15974,27390,79152,643,761,2054,1911,2018,28759,1546,1599,4407,8,8,21
New,16,19468,37691,561270,16537,29197,84535,649,768,2073,2126,2246,32961,1744,1806,5383,7,7,19
New,17,20273,40635,607143,17312,31653,92718,657,778,2093,2769,2944,45873,2357,2456,8184,10,10,20
New,18,21827,46243,699844,18872,36557,108789,668,791,2125,5162,5607,92701,4609,4905,16071,13,13,32
New,19,22369,48502,731437,19374,38355,113223,673,797,2143,2133,2259,31593,1731,1798,4433,6,6,18
New,20,22856,50713,761073,19826,40143,117814,678,803,2155,2088,2211,29636,1722,1788,4591,6,6,12
New,21,23299,52849,790070,20242,41869,122321,682,808,2174,2012,2136,28997,1660,1726,4507,5,6,19
New,22,23708,54951,818972,20627,43587,127070,687,815,2185,1995,2102,28902,1660,1718,4749,6,6,11
New,23,23742,55125,821564,20659,43730,127469,687,815,2185,173,174,2592,142,143,399,0,0,1
New,24,23742,55125,821564,20659,43730,127469,687,815,2185,0,0,0,0,0,0,0,0,0
New,25,23742,55125,821564,20659,43730,127469,687,815,2185,0,0,0,0,0,0,0,0,0
New,26,23742,55125,821564,20659,43730,127469,687,815,2185,0,0,0,0,0,0,0,0,0
New,27,23742,55125,821564,20659,43730,127469,687,815,2185,0,0,0,0,0,0,0,0,0
New,28,23742,55125,821564,20659,43730,127469,687,815,2185,0,0,0,0,0,0,0,0,0
New,29,23742,55125,821564,20659,43730,127469,687,815,2185,0,0,0,0,0,0,0,0,0
New,30,23742,55125,821564,20659,43730,127469,687,815,2185,0,0,0,0,0,0,0,0,0
New,31,23742,55125,821564,20659,43730,127469,687,815,2185,0,0,0,0,0,0,0,0,0
New,32,23742,55125,821564,20659,43730,127469,687,815,2185,0,0,0,0,0,0,0,0,0
New,33,23742,55125,821564,20659,43730,127469,687,815,2185,0,0,0,0,0,0,0,0,0
New,34,23742,55125,821564,20659,43730,127469,687,815,2185,0,0,0,0,0,0,0,0,0
New,35,23742,55125,821564,20659,43730,127469,687,815,2185,0,0,0,0,0,0,0,0,0
New,36,23742,55125,821564,20659,43730,127469,687,815,2185,0,0,0,0,0,0,0,0,0
New,37,23742,55125,821564,20659,43730,127469,687,815,2185,0,0,0,0,0,0,0,0,0
New,38,23742,55125,821564,20659,43730,127469,687,815,2185,0,0,0,0,0,0,0,0,0
New,39,23742,55125,821564,20659,43730,127469,687,815,2185,0,0,0,0,0,0,0,0,0
New,40,23742,55125,821564,20659,43730,127469,687,815,2185,0,0,0,0,0,0,0,0,0
New,41,23742,55125,821564,20659,43730,127469,687,815,2185,0,0,0,0,0,0,0,0,0
New,42,23742,55125,821564,20659,43730,127469,687,815,2185,0,0,0,0,0,0,0,0,0
New,43,23742,55125,821564,20659,43730,127469,687,815,2185,0,0,0,0,0,0,0,0,0
New,44,23742,55125,821564,20659,43730,127469,687,815,2185,0,0,0,0,0,0,0,0,0
New,45,23742,55125,821564,20659,43730,127469,687,815,2185,0,0,0,0,0,0,0,0,0
New,46,23742,55125,821564,20659,43730,127469,687,815,2185,0,0,0,0,0,0,0,0,0
New,47,23742,55125,821564,20659,43730,127469,687,815,2185,0,0,0,0,0,0,0,0,0
New,48,23742,55125,821564,20659,43730,127469,687,815,2185,0,0,0,0,0,0,0,0,0
New,49,23742,55125,821564,20659,43730,127469,687,815,2185,0,0,0,0,0,0,0,0,0
New,50,23742,55125,821564,20659,43730,127469,687,815,2185,0,0,0,0,0,0,0,0,0
New,51,23742,55125,821564,20659,43730,127469,687,815,2185,0,0,0,0,0,0,0,0,0
New,52,23742,55125,821564,20659,43730,127469,687,815,2185,0,0,0,0,0,0,0,0,0
Heavy,1,2144,2885,78830,1487,1695,7088,502,629,2261,2144,2885,78830,1487,1695,7088,502,629,2261
Heavy,2,3348,5621,147537,2472,3255,14231,744,1017,3641,2082,2736,68707,1386,1560,7143,327,389,1380
Heavy,3,4047,7996,207562,3198,4804,21581,886,1284,4570,1870,2375,60025,1379,1549,7350,228,267,929
Heavy,4,4684,10835,279938,3942,6850,32624,1011,1525,5409,2242,2839,72376,1789,2046,11044,211,241,839
Heavy,5,5193,13981,357648,4569,9206,45560,1106,1729,6388,2468,3146,77710,2028,2356,12935,179,204,979
Heavy,6,5652,18075,451638,5187,12453,61240,1169,1869,6873,3027,4094,93990,2616,3247,15681,127,140,485
Heavy,7,5814,20897,513394,5400,14390,68499,1214,1971,7201,2191,2822,61756,1670,1936,7259,94,102,328
Heavy,8,5892,23213,567770,5498,16009,76100,1256,2066,7498,1866,2316,54377,1433,1619,7601,89,95,297
Heavy,9,5964,25812,631468,5596,17878,85721,1297,2165,7788,2071,2599,63697,1635,1870,9621,92,99,290
Heavy,10,6022,28474,698685,5679,19763,95435,1330,2247,8023,2109,2662,67217,1642,1885,9713,76,81,235
Heavy,11,6080,31512,773344,5764,21978,107154,1360,2321,8206,2359,3038,74660,1886,2215,11719,70,75,183
Heavy,12,6147,35264,860839,5859,24655,119460,1393,2400,8392,2764,3752,87495,2202,2678,12306,73,79,186
Heavy,13,6169,37341,904839,5892,26034,124777,1412,2473,8590,1694,2077,44000,1242,1379,5317,63,73,197
Heavy,14,6191,39670,955969,5928,27709,131697,1425,2512,8677,1884,2329,51131,1479,1675,6920,37,39,87
Heavy,15,6212,42143,1012022,5965,29507,139618,1436,2543,8756,1997,2473,56052,1582,1798,7921,30,31,79
Heavy,16,6231,44725,1070644,6000,31404,148207,1447,2574,8825,2080,2583,58622,1663,1898,8589,30,30,69
Heavy,17,6252,47839,1143187,6039,33809,159856,1459,2604,8891,2458,3114,72543,2057,2404,11649,29,30,66
Heavy,18,6279,52164,1242984,6095,37344,175065,1470,2631,8960,3193,4325,99797,2823,3536,15209,27,27,68
Heavy,19,6287,54477,1291108,6112,39022,181190,1476,2645,9000,1884,2313,48124,1477,1678,6125,14,14,40
Heavy,20,6294,56878,1341015,6129,40832,188150,1483,2660,9051,1942,2401,49908,1579,1810,6960,15,15,51
Heavy,21,6301,59261,1390729,6143,42632,195295,1488,2675,9087,1929,2383,49714,1572,1801,7145,14,15,36
Heavy,22,6306,61629,1442551,6155,44475,203286,1495,2691,9142,1952,2367,51822,1623,1842,7991,16,16,55
Heavy,23,6307,61819,1446791,6156,44623,203943,1496,2692,9145,187,190,4240,148,149,657,1,1,2
Heavy,24,6307,61819,1446791,6156,44623,203943,1496,2692,9145,0,0,0,0,0,0,0,0,0
Heavy,25,6307,61819,1446791,6156,44623,203943,1496,2692,9145,0,0,0,0,0,0,0,0,0
Heavy,26,6307,61819,1446791,6156,44623,203943,1496,2692,9145,0,0,0,0,0,0,0,0,0
Heavy,27,6307,61819,1446791,6156,44623,203943,1496,2692,9145,0,0,0,0,0,0,0,0,0
Heavy,28,6307,61819,1446791,6156,44623,203943,1496,2692,9145,0,0,0,0,0,0,0,0,0
Heavy,29,6307,61819,1446791,6156,44623,203943,1496,2692,9145,0,0,0,0,0,0,0,0,0
Heavy,30,6307,61819,1446791,6156,44623,203943,1496,2692,9145,0,0,0,0,0,0,0,0,0
Heavy,31,6307,61819,1446791,6156,44623,203943,1496,2692,9145,0,0,0,0,0,0,0,0,0
Heavy,32,6307,61819,1446791,6156,44623,203943,1496,2692,9145,0,0,0,0,0,0,0,0,0
Heavy,33,6307,61819,1446791,6156,44623,203943,1496,2692,9145,0,0,0,0,0,0,0,0,0
Heavy,34,6307,61819,1446791,6156,44623,203943,1496,2692,9145,0,0,0,0,0,0,0,0,0
Heavy,35,6307,61819,1446791,6156,44623,203943,1496,2692,9145,0,0,0,0,0,0,0,0,0
Heavy,36,6307,61819,1446791,6156,44623,203943,1496,2692,9145,0,0,0,0,0,0,0,0,0
Heavy,37,6307,61819,1446791,6156,44623,203943,1496,2692,9145,0,0,0,0,0,0,0,0,0
Heavy,38,6307,61819,1446791,6156,44623,203943,1496,2692,9145,0,0,0,0,0,0,0,0,0
Heavy,39,6307,61819,1446791,6156,44623,203943,1496,2692,9145,0,0,0,0,0,0,0,0,0
Heavy,40,6307,61819,1446791,6156,44623,203943,1496,2692,9145,0,0,0,0,0,0,0,0,0
Heavy,41,6307,61819,1446791,6156,44623,203943,1496,2692,9145,0,0,0,0,0,0,0,0,0
Heavy,42,6307,61819,1446791,6156,44623,203943,1496,2692,9145,0,0,0,0,0,0,0,0,0
Heavy,43,6307,61819,1446791,6156,44623,203943,1496,2692,9145,0,0,0,0,0,0,0,0,0
Heavy,44,6307,61819,1446791,6156,44623,203943,1496,2692,9145,0,0,0,0,0,0,0,0,0
Heavy,45,6307,61819,1446791,6156,44623,203943,1496,2692,9145,0,0,0,0,0,0,0,0,0
Heavy,46,6307,61819,1446791,6156,44623,203943,1496,2692,9145,0,0,0,0,0,0,0,0,0
Heavy,47,6307,61819,1446791,6156,44623,203943,1496,2692,9145,0,0,0,0,0,0,0,0,0
Heavy,48,6307,61819,1446791,6156,44623,203943,1496,2692,9145,0,0,0,0,0,0,0,0,0
Heavy,49,6307,61819,1446791,6156,44623,203943,1496,2692,9145,0,0,0,0,0,0,0,0,0
Heavy,50,6307,61819,1446791,6156,44623,203943,1496,2692,9145,0,0,0,0,0,0,0,0,0
Heavy,51,6307,61819,1446791,6156,44623,203943,1496,2692,9145,0,0,0,0,0,0,0,0,0
Heavy,52,6307,61819,1446791,6156,44623,203943,1496,2692,9145,0,0,0,0,0,0,0,0,0
Mainstream,1,10971,12320,168865,9051,9705,31159,1039,1144,2713,10971,12320,168865,9051,9705,31159,1039,1144,2713
Mainstream,2,19172,24120,313051,15845,18527,61590,1591,1819,4312,10635,11799,144187,8299,8822,30431,628,676,1598
Mainstream,3,24786,34316,445188,21317,27162,92919,1918,2245,5306,9340,10197,132136,8132,8635,31329,402,426,994
Mainstream,4,30791,47703,622110,27488,38929,142417,2226,2656,6253,12147,13387,176923,10961,11767,49498,390,411,947
Mainstream,5,36594,63931,833425,33634,53475,206048,2486,3013,7284,14581,16228,211315,13384,14546,63631,338,357,1031
Mainstream,6,42801,86864,1124849,40426,74385,289662,2690,3296,7988,19623,22933,291424,18338,20911,83614,272,282,703
Mainstream,7,45047,99981,1274793,42814,85516,322142,2790,3442,8332,11722,13118,149944,10226,11131,32480,142,147,344
Mainstream,8,46201,110598,1397324,44056,94674,353329,2862,3550,8555,9740,10616,122531,8600,9158,31187,105,108,223
Mainstream,9,47310,122941,1550714,45281,105516,394874,2933,3655,8774,11264,12344,153390,10120,10842,41546,102,105,219
Mainstream,10,48263,135471,1709028,46339,116476,437762,2991,3743,8967,11392,12530,158314,10196,10960,42887,86,88,192
Mainstream,11,49188,150030,1894269,47370,129218,489076,3042,3818,9118,13004,14558,185241,11665,12743,51314,73,75,151
Mainstream,12,50131,167343,2113683,48400,143893,542913,3100,3899,9279,14978,17314,219414,13121,14674,53836,79,81,162
Mainstream,13,50529,177010,2220314,48852,152124,567883,3138,3964,9413,8923,9667,106631,7783,8231,24971,62,65,133
Mainstream,14,50943,188239,2349856,49333,161954,599433,3169,4010,9534,10283,11229,129542,9200,9830,31549,46,46,121
Mainstream,15,51334,200214,2489261,49797,172470,635459,3197,4052,9642,10924,11975,139405,9805,10516,36026,41,42,108
Mainstream,16,51715,212857,2636447,50258,183635,675824,3224,4091,9724,11527,12643,147186,10404,11165,40365,38,39,82
Mainstream,17,52171,229733,2845104,50845,198809,736487,3254,4135,9840,15102,16876,208657,13912,15175,60663,43,44,116
Mainstream,18,52808,254922,3168278,51685,221821,820770,3289,4185,9973,21401,25189,323174,20090,23012,84283,50,50,132
Mainstream,19,53003,266554,3292852,51938,231957,850894,3307,4209,10046,10587,11632,124574,9436,10136,30124,24,25,73
Mainstream,20,53167,278895,3425258,52157,242886,884826,3325,4234,10104,11196,12341,132406,10135,10928,33931,25,25,58
Mainstream,21,53310,291189,3560670,52351,253808,919890,3341,4258,10150,11164,12294,135413,10126,10922,35064,23,24,46
Mainstream,22,53440,303982,3710655,52526,265317,960172,3361,4286,10207,11663,12793,149985,10698,11510,40282,28,28,57
Mainstream,23,53449,304988,3723200,52539,266221,963466,3363,4288,10210,1000,1006,12545,900,903,3295,2,2,3
Mainstream,24,53449,304988,3723200,52539,266221,963466,3363,4288,10210,0,0,0,0,0,0,0,0,0
Mainstream,25,53449,304988,3723200,52539,266221,963466,3363,4288,10210,0,0,0,0,0,0,0,0,0
Mainstream,26,53449,304988,3723200,52539,266221,963466,3363,4288,10210,0,0,0,0,0,0,0,0,0
Mainstream,27,53449,304988,3723200,52539,266221,963466,3363,4288,10210,0,0,0,0,0,0,0,0,0
Mainstream,28,53449,304988,3723200,52539,266221,963466,3363,4288,10210,0,0,0,0,0,0,0,0,0
Mainstream,29,53449,304988,3723200,52539,266221,963466,3363,4288,10210,0,0,0,0,0,0,0,0,0
Mainstream,30,53449,304988,3723200,52539,266221,963466,3363,4288,10210,0,0,0,0,0,0,0,0,0
Mainstream,31,53449,304988,3723200,52539,266221,963466,3363,4288,10210,0,0,0,0,0,0,0,0,0
Mainstream,32,53449,304988,3723200,52539,266221,963466,3363,4288,10210,0,0,0,0,0,0,0,0,0
Mainstream,33,53449,304988,3723200,52539,266221,963466,3363,4288,10210,0,0,0,0,0,0,0,0,0
Mainstream,34,53449,304988,3723200,52539,266221,963466,3363,4288,10210,0,0,0,0,0,0,0,0,0
Mainstream,35,53449,304988,3723200,52539,266221,963466,3363,4288,10210,0,0,0,0,0,0,0,0,0
Mainstream,36,53449,304988,3723200,52539,266221,963466,3363,4288,10210,0,0,0,0,0,0,0,0,0
Mainstream,37,53449,304988,3723200,52539,266221,963466,3363,4288,10210,0,0,0,0,0,0,0,0,0
Mainstream,38,53449,304988,3723200,52539,266221,963466,3363,4288,10210,0,0,0,0,0,0,0,0,0
Mainstream,39,53449,304988,3723200,52539,266221,963466,3363,4288,10210,0,0,0,0,0,0,0,0,0
Mainstream,40,53449,304988,3723200,52539,266221,963466,3363,4288,10210,0,0,0,0,0,0,0,0,0
Mainstream,41,53449,304988,3723200,52539,266221,963466,3363,4288,10210,0,0,0,0,0,0,0,0,0
Mainstream,42,53449,304988,3723200,52539,266221,963466,3363,4288,10210,0,0,0,0,0,0,0,0,0
Mainstream,43,53449,304988,3723200,52539,266221,963466,3363,4288,10210,0,0,0,0,0,0,0,0,0
Mainstream,44,53449,304988,3723200,52539,266221,963466,3363,4288,10210,0,0,0,0,0,0,0,0,0
Mainstream,45,53449,304988,3723200,52539,266221,963466,3363,4288,10210,0,0,0,0,0,0,0,0,0
Mainstream,46,53449,304988,3723200,52539,266221,963466,3363,4288,10210,0,0,0,0,0,0,0,0,0
Mainstream,47,53449,304988,3723200,52539,266221,963466,3363,4288,10210,0,0,0,0,0,0,0,0,0
Mainstream,48,53449,304988,3723200,52539,266221,963466,3363,4288,10210,0,0,0,0,0,0,0,0,0
Mainstream,49,53449,304988,3723200,52539,266221,963466,3363,4288,10210,0,0,0,0,0,0,0,0,0
Mainstream,50,53449,304988,3723200,52539,266221,963466,3363,4288,10210,0,0,0,0,0,0,0,0,0
Mainstream,51,53449,304988,3723200,52539,266221,963466,3363,4288,10210,0,0,0,0,0,0,0,0,0
Mainstream,52,53449,304988,3723200,52539,266221,963466,3363,4288,10210,0,0,0,0,0,0,0,0,0
Focus1,1,1425,1525,16735,1312,1379,4997,61,64,128,1425,1525,16735,1312,1379,4997,61,64,128
Focus1,2,2589,3014,31531,2324,2619,9767,93,99,196,1393,1489,14796,1183,1240,4771,34,36,68
Focus1,3,3439,4326,45634,3174,3847,14641,113,123,241,1239,1312,14103,1171,1228,4874,23,24,45
Focus1,4,4356,6032,64671,4108,5463,21900,132,145,283,1599,1706,19037,1529,1616,7258,21,22,42
Focus1,5,5282,8156,88398,5067,7485,31148,150,164,332,1968,2123,23728,1893,2022,9248,19,20,49
Focus1,6,6294,11166,121347,6128,10359,43041,164,181,385,2676,3010,32949,2589,2874,11893,17,17,53
Focus1,7,6643,12760,135845,6490,11831,47570,170,188,398,1475,1594,14498,1378,1472,4529,7,7,13
Focus1,8,6841,14116,148880,6697,13099,52222,174,194,409,1278,1356,13035,1207,1268,4652,6,6,10
Focus1,9,7032,15731,165761,6900,14621,58399,178,199,419,1516,1615,16881,1444,1522,6177,5,5,10
Focus1,10,7199,17352,182778,7078,16143,64581,181,203,426,1517,1621,17017,1441,1523,6182,4,4,7
Focus1,11,7359,19182,202027,7246,17859,71543,185,207,433,1695,1830,19249,1607,1715,6962,4,4,7
Focus1,12,7506,21188,222809,7400,19697,78350,188,210,439,1818,2006,20782,1694,1838,6807,4,4,6
Focus1,13,7580,22443,234399,7480,20863,82138,191,213,444,1189,1255,11590,1117,1166,3788,3,3,5
Focus1,14,7655,23914,248376,7562,22247,86778,192,216,453,1383,1471,13978,1314,1384,4640,2,2,9
Focus1,15,7724,25461,263383,7637,23703,92021,194,218,457,1450,1547,15007,1379,1456,5243,2,2,4
Focus1,16,7790,27116,279662,7709,25263,97916,196,220,466,1547,1655,16279,1474,1559,5895,2,2,9
Focus1,17,7867,29370,303591,7797,27407,106960,198,222,472,2076,2254,23928,1999,2144,9044,3,3,5
Focus1,18,7981,32722,340140,7923,30609,119238,201,226,479,2961,3352,36549,2867,3202,12278,4,4,7
Focus1,19,8014,34225,353114,7961,32010,123595,203,228,482,1404,1502,12974,1323,1401,4357,1,1,2
Focus1,20,8043,35853,367749,7994,33541,128619,204,229,484,1518,1628,14635,1444,1532,5024,1,1,2
Focus1,21,8069,37489,382983,8023,35084,133878,205,231,488,1523,1636,15233,1452,1542,5258,2,2,4
Focus1,22,8093,39233,400655,8050,36741,140054,207,233,491,1630,1745,17672,1563,1657,6177,2,2,3
Focus1,23,8095,39369,402143,8052,36869,140544,207,233,491,135,136,1489,128,128,489,0,0,0
Focus1,24,8095,39369,402143,8052,36869,140544,207,233,491,0,0,0,0,0,0,0,0,0
Focus1,25,8095,39369,402143,8052,36869,140544,207,233,491,0,0,0,0,0,0,0,0,0
Focus1,26,8095,39369,402143,8052,36869,140544,207,233,491,0,0,0,0,0,0,0,0,0
Focus1,27,8095,39369,402143,8052,36869,140544,207,233,491,0,0,0,0,0,0,0,0,0
Focus1,28,8095,39369,402143,8052,36869,140544,207,233,491,0,0,0,0,0,0,0,0,0
Focus1,29,8095,39369,402143,8052,36869,140544,207,233,491,0,0,0,0,0,0,0,0,0
Focus1,30,8095,39369,402143,8052,36869,140544,207,233,491,0,0,0,0,0,0,0,0,0
Focus1,31,8095,39369,402143,8052,36869,140544,207,233,491,0,0,0,0,0,0,0,0,0
Focus1,32,8095,39369,402143,8052,36869,140544,207,233,491,0,0,0,0,0,0,0,0,0
Focus1,33,8095,39369,402143,8052,36869,140544,207,233,491,0,0,0,0,0,0,0,0,0
Focus1,34,8095,39369,402143,8052,36869,140544,207,233,491,0,0,0,0,0,0,0,0,0
Focus1,35,8095,39369,402143,8052,36869,140544,207,233,491,0,0,0,0,0,0,0,0,0
Focus1,36,8095,39369,402143,8052,36869,140544,207,233,491,0,0,0,0,0,0,0,0,0
Focus1,37,8095,39369,402143,8052,36869,140544,207,233,491,0,0,0,0,0,0,0,0,0
Focus1,38,8095,39369,402143,8052,36869,140544,207,233,491,0,0,0,0,0,0,0,0,0
Focus1,39,8095,39369,402143,8052,36869,140544,207,233,491,0,0,0,0,0,0,0,0,0
Focus1,40,8095,39369,402143,8052,36869,140544,207,233,491,0,0,0,0,0,0,0,0,0
Focus1,41,8095,39369,402143,8052,36869,140544,207,233,491,0,0,0,0,0,0,0,0,0
Focus1,42,8095,39369,402143,8052,36869,140544,207,233,491,0,0,0,0,0,0,0,0,0
Focus1,43,8095,39369,402143,8052,36869,140544,207,233,491,0,0,0,0,0,0,0,0,0
Focus1,44,8095,39369,402143,8052,36869,140544,207,233,491,0,0,0,0,0,0,0,0,0
Focus1,45,8095,39369,402143,8052,36869,140544,207,233,491,0,0,0,0,0,0,0,0,0
Focus1,46,8095,39369,402143,8052,36869,140544,207,233,491,0,0,0,0,0,0,0,0,0
Focus1,47,8095,39369,402143,8052,36869,140544,207,233,491,0,0,0,0,0,0,0,0,0
Focus1,48,8095,39369,402143,8052,36869,140544,207,233,491,0,0,0,0,0,0,0,0,0
Focus1,49,8095,39369,402143,8052,36869,140544,207,233,491,0,0,0,0,0,0,0,0,0
Focus1,50,8095,39369,402143,8052,36869,140544,207,233,491,0,0,0,0,0,0,0,0,0
Focus1,51,8095,39369,402143,8052,36869,140544,207,233,491,0,0,0,0,0,0,0,0,0
Focus1,52,8095,39369,402143,8052,36869,140544,207,233,491,0,0,0,0,0,0,0,0,0
Specialty,1,600,723,17923,268,278,817,312,382,1549,600,723,17923,268,278,817,312,382,1549
Specialty,2,994,1285,28828,495,530,1612,459,596,2410,487,561,10905,245,252,794,184,214,861
Specialty,3,1268,1714,36837,705,780,2443,542,731,2958,385,429,8009,242,249,832,117,135,549
Specialty,4,1588,2223,45814,989,1135,3804,607,839,3391,467,509,8977,345,356,1360,96,109,433
Specialty,5,1933,2798,55363,1314,1573,5523,659,930,3864,534,575,9549,423,438,1719,81,91,472
Specialty,6,2394,3619,67984,1786,2268,8119,702,1001,4139,761,821,12621,660,695,2597,66,72,275
Specialty,7,2633,4130,75499,2011,2656,9224,727,1044,4289,477,511,7515,373,388,1104,40,42,150
Specialty,8,2766,4467,80620,2129,2897,9971,745,1075,4406,320,337,5121,235,241,747,30,32,116
Specialty,9,2905,4847,86467,2257,3183,10924,765,1108,4511,360,380,5847,278,286,954,31,33,105
Specialty,10,3039,5233,92526,2380,3471,11918,781,1136,4595,366,386,6059,280,289,993,26,28,84
Specialty,11,3181,5671,99460,2512,3802,13073,796,1160,4661,414,439,6933,320,331,1155,23,24,67
Specialty,12,3347,6219,108184,2661,4204,14441,811,1186,4732,511,548,8724,386,402,1368,25,26,70
Specialty,13,3429,6522,112551,2732,4412,15026,820,1206,4786,287,303,4368,204,208,585,18,20,55
Specialty,14,3512,6847,117004,2812,4658,15734,825,1216,4815,310,325,4452,240,246,708,10,10,28
Specialty,15,3605,7214,122335,2902,4940,16610,829,1225,4849,350,367,5331,274,282,876,9,9,34
Specialty,16,3711,7625,128301,3006,5266,17663,834,1234,4874,391,410,5966,317,326,1052,9,9,25
Specialty,17,3854,8204,136699,3155,5742,19370,841,1245,4899,549,579,8399,460,476,1707,10,11,25
Specialty,18,4052,9104,149939,3377,6531,22036,847,1255,4929,836,900,13239,746,789,2666,10,10,31
Specialty,19,4128,9491,155263,3456,6839,22903,850,1261,4945,369,387,5325,298,308,867,6,6,16
Specialty,20,4202,9894,160699,3533,7164,23851,854,1267,4960,385,403,5436,316,326,949,6,6,15
Specialty,21,4274,10301,166002,3607,7491,24809,857,1273,4976,388,407,5302,316,327,958,6,6,16
Specialty,22,4340,10710,171480,3674,7821,25809,861,1279,4995,390,409,5478,319,330,1000,6,6,19
Specialty,23,4344,10743,171908,3679,7848,25886,861,1280,4993,32,32,428,26,26,77,0,0,-2
Specialty,24,4344,10743,171908,3679,7848,25886,861,1280,4993,0,0,0,0,0,0,0,0,0
Specialty,25,4344,10743,171908,3679,7848,25886,861,1280,4993,0,0,0,0,0,0,0,0,0
Specialty,26,4344,10743,171908,3679,7848,25886,861,1280,4993,0,0,0,0,0,0,0,0,0
Specialty,27,4344,10743,171908,3679,7848,25886,861,1280,4993,0,0,0,0,0,0,0,0,0
Specialty,28,4344,10743,171908,3679,7848,25886,861,1280,4993,0,0,0,0,0,0,0,0,0
Specialty,29,4344,10743,171908,3679,7848,25886,861,1280,4993,0,0,0,0,0,0,0,0,0
Specialty,30,4344,10743,171908,3679,7848,25886,861,1280,4993,0,0,0,0,0,0,0,0,0
Specialty,31,4344,10743,171908,3679,7848,25886,861,1280,4993,0,0,0,0,0,0,0,0,0
Specialty,32,4344,10743,171908,3679,7848,25886,861,1280,4993,0,0,0,0,0,0,0,0,0
Specialty,33,4344,10743,171908,3679,7848,25886,861,1280,4993,0,0,0,0,0,0,0,0,0
Specialty,34,4344,10743,171908,3679,7848,25886,861,1280,4993,0,0,0,0,0,0,0,0,0
Specialty,35,4344,10743,171908,3679,7848,25886,861,1280,4993,0,0,0,0,0,0,0,0,0
Specialty,36,4344,10743,171908,3679,7848,25886,861,1280,4993,0,0,0,0,0,0,0,0,0
Specialty,37,4344,10743,171908,3679,7848,25886,861,1280,4993,0,0,0,0,0,0,0,0,0
Specialty,38,4344,10743,171908,3679,7848,25886,861,1280,4993,0,0,0,0,0,0,0,0,0
Specialty,39,4344,10743,171908,3679,7848,25886,861,1280,4993,0,0,0,0,0,0,0,0,0
Specialty,40,4344,10743,171908,3679,7848,25886,861,1280,4993,0,0,0,0,0,0,0,0,0
Specialty,41,4344,10743,171908,3679,7848,25886,861,1280,4993,0,0,0,0,0,0,0,0,0
Specialty,42,4344,10743,171908,3679,7848,25886,861,1280,4993,0,0,0,0,0,0,0,0,0
Specialty,43,4344,10743,171908,3679,7848,25886,861,1280,4993,0,0,0,0,0,0,0,0,0
Specialty,44,4344,10743,171908,3679,7848,25886,861,1280,4993,0,0,0,0,0,0,0,0,0
Specialty,45,4344,10743,171908,3679,7848,25886,861,1280,4993,0,0,0,0,0,0,0,0,0
Specialty,46,4344,10743,171908,3679,7848,25886,861,1280,4993,0,0,0,0,0,0,0,0,0
Specialty,47,4344,10743,171908,3679,7848,25886,861,1280,4993,0,0,0,0,0,0,0,0,0
Specialty,48,4344,10743,171908,3679,7848,25886,861,1280,4993,0,0,0,0,0,0,0,0,0
Specialty,49,4344,10743,171908,3679,7848,25886,861,1280,4993,0,0,0,0,0,0,0,0,0
Specialty,50,4344,10743,171908,3679,7848,25886,861,1280,4993,0,0,0,0,0,0,0,0,0
Specialty,51,4344,10743,171908,3679,7848,25886,861,1280,4993,0,0,0,0,0,0,0,0,0
Specialty,52,4344,10743,171908,3679,7848,25886,861,1280,4993,0,0,0,0,0,0,0,0,0
Diverse1,1,2866,3236,60738,2041,2146,7071,418,470,1249,2866,3236,60738,2041,2146,7071,418,470,1249
Diverse1,2,5078,6274,110610,3701,4121,13967,643,753,1971,2737,3038,49872,1889,1975,6896,259,283,722
Diverse1,3,6670,8869,155197,5132,6063,21009,781,943,2493,2380,2595,44587,1857,1942,7042,176,190,522
Diverse1,4,8476,12244,214020,6892,8781,32355,906,1118,2976,3096,3374,58823,2584,2718,11346,163,175,483
Diverse1,5,10260,16184,280911,8713,12057,46457,1016,1275,3489,3603,3940,66891,3089,3276,14102,146,157,513
Diverse1,6,12344,21826,372888,10962,16966,66244,1103,1399,3851,5002,5642,91977,4478,4909,19786,119,124,362
Diverse1,7,13255,25381,427390,11910,19766,74603,1148,1467,4021,3211,3555,54502,2615,2799,8360,65,68,170
Diverse1,8,13730,28038,468712,12401,21852,81689,1177,1514,4136,2460,2658,41323,1993,2086,7086,46,47,115
Diverse1,9,14195,31031,517461,12897,24255,90723,1207,1561,4248,2769,2993,48749,2290,2404,9034,45,47,112
Diverse1,10,14595,34028,566755,13332,26646,99751,1232,1599,4344,2768,2997,49294,2274,2390,9028,37,38,97
Diverse1,11,14986,37397,622638,13763,29343,110165,1252,1630,4411,3087,3369,55883,2548,2698,10414,30,30,67
Diverse1,12,15404,41500,692282,14214,32527,121821,1276,1664,4480,3663,4103,69644,2952,3184,11656,34,35,69
Diverse1,13,15592,43806,727217,14421,34266,126986,1292,1694,4552,2145,2305,34934,1671,1739,5165,28,30,71
Diverse1,14,15790,46456,768524,14650,36384,133724,1305,1714,4593,2458,2651,41308,2019,2119,6738,19,20,41
Diverse1,15,15982,49377,814781,14882,38743,141730,1317,1732,4627,2698,2921,46257,2242,2359,8007,19,19,34
Diverse1,16,16173,52553,865371,15117,41344,151005,1328,1750,4662,2927,3175,50590,2469,2601,9275,17,18,35
Diverse1,17,16408,56771,934573,15424,44920,165035,1342,1772,4700,3840,4219,69202,3350,3576,14029,21,21,38
Diverse1,18,16722,63264,1043286,15858,50639,186090,1356,1792,4740,5681,6492,108712,5157,5719,21056,21,21,41
Diverse1,19,16826,66161,1085580,15993,52972,192953,1362,1803,4758,2670,2897,42295,2209,2334,6863,10,10,17
Diverse1,20,16918,69166,1128847,16117,55452,200645,1369,1813,4778,2771,3005,43267,2345,2479,7692,10,10,21
Diverse1,21,16998,72152,1172530,16228,57923,208542,1376,1823,4824,2754,2986,43683,2339,2472,7897,10,10,46
Diverse1,22,17074,75197,1218651,16332,60489,217352,1384,1835,4845,2822,3045,46121,2433,2566,8810,11,12,21
Diverse1,23,17079,75440,1222516,16339,60693,218073,1384,1836,4847,242,243,3866,204,205,721,1,1,2
Diverse1,24,17079,75440,1222516,16339,60693,218073,1384,1836,4847,0,0,0,0,0,0,0,0,0
Diverse1,25,17079,75440,1222516,16339,60693,218073,1384,1836,4847,0,0,0,0,0,0,0,0,0
Diverse1,26,17079,75440,1222516,16339,60693,218073,1384,1836,4847,0,0,0,0,0,0,0,0,0
Diverse1,27,17079,75440,1222516,16339,60693,218073,1384,1836,4847,0,0,0,0,0,0,0,0,0
Diverse1,28,17079,75440,1222516,16339,60693,218073,1384,1836,4847,0,0,0,0,0,0,0,0,0
Diverse1,29,17079,75440,1222516,16339,60693,218073,1384,1836,4847,0,0,0,0,0,0,0,0,0
Diverse1,30,17079,75440,1222516,16339,60693,218073,1384,1836,4847,0,0,0,0,0,0,0,0,0
Diverse1,31,17079,75440,1222516,16339,60693,218073,1384,1836,4847,0,0,0,0,0,0,0,0,0
Diverse1,32,17079,75440,1222516,16339,60693,218073,1384,1836,4847,0,0,0,0,0,0,0,0,0
Diverse1,33,17079,75440,1222516,16339,60693,218073,1384,1836,4847,0,0,0,0,0,0,0,0,0
Diverse1,34,17079,75440,1222516,16339,60693,218073,1384,1836,4847,0,0,0,0,0,0,0,0,0
Diverse1,35,17079,75440,1222516,16339,60693,218073,1384,1836,4847,0,0,0,0,0,0,0,0,0
Diverse1,36,17079,75440,1222516,16339,60693,218073,1384,1836,4847,0,0,0,0,0,0,0,0,0
Diverse1,37,17079,75440,1222516,16339,60693,218073,1384,1836,4847,0,0,0,0,0,0,0,0,0
Diverse1,38,17079,75440,1222516,16339,60693,218073,1384,1836,4847,0,0,0,0,0,0,0,0,0
Diverse1,39,17079,75440,1222516,16339,60693,218073,1384,1836,4847,0,0,0,0,0,0,0,0,0
Diverse1,40,17079,75440,1222516,16339,60693,218073,1384,1836,4847,0,0,0,0,0,0,0,0,0
Diverse1,41,17079,75440,1222516,16339,60693,218073,1384,1836,4847,0,0,0,0,0,0,0,0,0
Diverse1,42,17079,75440,1222516,16339,60693,218073,1384,1836,4847,0,0,0,0,0,0,0,0,0
Diverse1,43,17079,75440,1222516,16339,60693,218073,1384,1836,4847,0,0,0,0,0,0,0,0,0
Diverse1,44,17079,75440,1222516,16339,60693,218073,1384,1836,4847,0,0,0,0,0,0,0,0,0
Diverse1,45,17079,75440,1222516,16339,60693,218073,1384,1836,4847,0,0,0,0,0,0,0,0,0
Diverse1,46,17079,75440,1222516,16339,60693,218073,1384,1836,4847,0,0,0,0,0,0,0,0,0
Diverse1,47,17079,75440,1222516,16339,60693,218073,1384,1836,4847,0,0,0,0,0,0,0,0,0
Diverse1,48,17079,75440,1222516,16339,60693,218073,1384,1836,4847,0,0,0,0,0,0,0,0,0
Diverse1,49,17079,75440,1222516,16339,60693,218073,1384,1836,4847,0,0,0,0,0,0,0,0,0
Diverse1,50,17079,75440,1222516,16339,60693,218073,1384,1836,4847,0,0,0,0,0,0,0,0,0
Diverse1,51,17079,75440,1222516,16339,60693,218073,1384,1836,4847,0,0,0,0,0,0,0,0,0
Diverse1,52,17079,75440,1222516,16339,60693,218073,1384,1836,4847,0,0,0,0,0,0,0,0,0
Other,1,1074,1122,19987,658,668,1768,172,181,490,1074,1122,19987,658,668,1768,172,181,490
Other,2,2030,2173,36113,1272,1310,3559,262,282,760,1012,1051,16127,633,642,1792,96,100,271
Other,3,2860,3117,51209,1906,1991,5557,318,346,936,917,944,15096,671,681,1998,62,64,176
Other,4,3901,4320,71314,2776,2944,8721,364,399,1090,1170,1203,20105,938,952,3163,52,53,154
Other,5,5103,5768,95253,3809,4119,12790,403,445,1232,1405,1448,23939,1155,1176,4069,44,45,142
Other,6,6967,8092,133362,5502,6120,19710,438,485,1340,2243,2325,38109,1952,2001,6921,39,40,109
Other,7,8124,9648,157798,6483,7351,22845,459,509,1406,1508,1556,24436,1207,1231,3135,23,24,65
Other,8,8780,10607,172078,7005,8064,24703,472,524,1442,935,960,14280,704,714,1858,15,15,36
Other,9,9471,11655,188032,7571,8865,26900,482,536,1472,1019,1048,15954,789,801,2196,12,12,29
Other,10,10152,12725,204650,8129,9678,29202,491,547,1499,1042,1069,16618,801,813,2302,11,11,27
Other,11,10901,13928,223542,8742,10595,31926,499,556,1520,1169,1204,18892,900,917,2725,9,9,21
Other,12,11804,15441,248877,9453,11698,35269,507,565,1539,1458,1513,25335,1080,1103,3343,9,10,18
Other,13,12288,16280,261372,9844,12314,36740,512,571,1553,819,839,12495,609,616,1470,6,6,14
Other,14,12826,17239,275549,10290,13044,38552,517,577,1564,934,959,14177,718,729,1813,6,6,12
Other,15,13384,18251,291258,10758,13821,40592,522,582,1576,986,1012,15709,766,778,2039,5,5,11
Other,16,13976,19364,308857,11266,14691,42963,526,587,1586,1081,1113,17599,855,870,2371,5,5,10
Other,17,14774,20904,334085,11985,15950,46910,531,592,1597,1493,1540,25228,1234,1260,3947,5,5,11
Other,18,16185,23743,382691,13333,18403,54827,538,600,1616,2719,2838,48606,2378,2453,7917,8,8,19
Other,19,16762,24985,401472,13838,19377,57284,542,604,1639,1207,1243,18781,956,974,2456,4,4,23
Other,20,17311,26212,419289,14325,20348,59780,545,608,1644,1189,1226,17818,952,971,2497,4,4,6
Other,21,17822,27394,436639,14779,21289,62203,548,612,1654,1148,1182,17349,922,940,2423,4,4,10
Other,22,18296,28537,453157,15205,22207,64663,552,616,1661,1113,1143,16519,903,918,2461,4,4,7
Other,23,18335,28630,454529,15240,22281,64866,552,616,1662,93,93,1372,74,74,203,0,0,0
Other,24,18335,28630,454529,15240,22281,64866,552,616,1662,0,0,0,0,0,0,0,0,0
Other,25,18335,28630,454529,15240,22281,64866,552,616,1662,0,0,0,0,0,0,0,0,0
Other,26,18335,28630,454529,15240,22281,64866,552,616,1662,0,0,0,0,0,0,0,0,0
Other,27,18335,28630,454529,15240,22281,64866,552,616,1662,0,0,0,0,0,0,0,0,0
Other,28,18335,28630,454529,15240,22281,64866,552,616,1662,0,0,0,0,0,0,0,0,0
Other,29,18335,28630,454529,15240,22281,64866,552,616,1662,0,0,0,0,0,0,0,0,0
Other,30,18335,28630,454529,15240,22281,64866,552,616,1662,0,0,0,0,0,0,0,0,0
Other,31,18335,28630,454529,15240,22281,64866,552,616,1662,0,0,0,0,0,0,0,0,0
Other,32,18335,28630,454529,15240,22281,64866,552,616,1662,0,0,0,0,0,0,0,0,0
Other,33,18335,28630,454529,15240,22281,64866,552,616,1662,0,0,0,0,0,0,0,0,0
Other,34,18335,28630,454529,15240,22281,64866,552,616,1662,0,0,0,0,0,0,0,0,0
Other,35,18335,28630,454529,15240,22281,64866,552,616,1662,0,0,0,0,0,0,0,0,0
Other,36,18335,28630,454529,15240,22281,64866,552,616,1662,0,0,0,0,0,0,0,0,0
Other,37,18335,28630,454529,15240,22281,64866,552,616,1662,0,0,0,0,0,0,0,0,0
Other,38,18335,28630,454529,15240,22281,64866,552,616,1662,0,0,0,0,0,0,0,0,0
Other,39,18335,28630,454529,15240,22281,64866,552,616,1662,0,0,0,0,0,0,0,0,0
Other,40,18335,28630,454529,15240,22281,64866,552,616,1662,0,0,0,0,0,0,0,0,0
Other,41,18335,28630,454529,15240,22281,64866,552,616,1662,0,0,0,0,0,0,0,0,0
Other,42,18335,28630,454529,15240,22281,64866,552,616,1662,0,0,0,0,0,0,0,0,0
Other,43,18335,28630,454529,15240,22281,64866,552,616,1662,0,0,0,0,0,0,0,0,0
Other,44,18335,28630,454529,15240,22281,64866,552,616,1662,0,0,0,0,0,0,0,0,0
Other,45,18335,28630,454529,15240,22281,64866,552,616,1662,0,0,0,0,0,0,0,0,0
Other,46,18335,28630,454529,15240,22281,64866,552,616,1662,0,0,0,0,0,0,0,0,0
Other,47,18335,28630,454529,15240,22281,64866,552,616,1662,0,0,0,0,0,0,0,0,0
Other,48,18335,28630,454529,15240,22281,64866,552,616,1662,0,0,0,0,0,0,0,0,0
Other,49,18335,28630,454529,15240,22281,64866,552,616,1662,0,0,0,0,0,0,0,0,0
Other,50,18335,28630,454529,15240,22281,64866,552,616,1662,0,0,0,0,0,0,0,0,0
Other,51,18335,28630,454529,15240,22281,64866,552,616,1662,0,0,0,0,0,0,0,0,0
Other,52,18335,28630,454529,15240,22281,64866,552,616,1662,0,0,0,0,0,0,0,0,0
Focus2,1,1830,1898,21823,1620,1659,5374,84,86,176,1830,1898,21823,1620,1659,5374,84,86,176
Focus2,2,3505,3778,41250,3032,3201,10660,129,135,274,1818,1880,19427,1509,1542,5287,47,48,98
Focus2,3,4903,5465,60315,4366,4752,16152,157,166,336,1639,1688,19064,1517,1552,5491,30,31,61
Focus2,4,6642,7731,86983,6060,6870,24604,185,196,401,2193,2265,26668,2066,2118,8453,30,31,65
Focus2,5,8712,10667,122223,8109,9645,36144,210,224,468,2827,2937,35239,2692,2775,11540,27,28,67
Focus2,6,11658,15320,176807,11062,14084,53520,234,250,543,4397,4653,54584,4228,4438,17376,26,26,76
Focus2,7,12973,17821,202075,12347,16380,60147,244,263,586,2395,2501,25268,2218,2297,6627,12,12,43
Focus2,8,13715,19583,219208,13072,18001,65300,251,271,602,1707,1762,17133,1582,1621,5152,8,8,16
Focus2,9,14504,21648,240624,13853,19915,71953,258,278,617,2001,2065,21416,1869,1914,6653,7,7,15
Focus2,10,15244,23725,262339,14583,21838,78821,263,284,629,2013,2077,21714,1878,1923,6868,6,6,11
Focus2,11,16022,26106,287719,15351,24035,86831,267,289,638,2293,2381,25380,2133,2197,8010,5,5,9
Focus2,12,16829,28833,317115,16137,26504,95304,272,294,647,2598,2726,29397,2377,2469,8473,5,5,9
Focus2,13,17275,30437,332460,16577,27970,99626,275,298,658,1561,1605,15345,1437,1467,4322,4,4,11
Focus2,14,17742,32283,350420,17042,29674,104785,278,301,672,1789,1846,17960,1664,1704,5159,3,3,14
Focus2,15,18205,34243,370307,17506,31486,110587,281,304,676,1898,1960,19887,1767,1811,5802,3,3,4
Focus2,16,18685,36408,393248,17993,33501,117478,283,307,680,2092,2166,22941,1961,2016,6891,3,3,4
Focus2,17,19336,39548,428891,18660,36465,128972,287,311,689,3011,3139,35643,2867,2964,11494,4,4,9
Focus2,18,20431,45027,493870,19798,41699,148072,292,317,707,5137,5479,64979,4952,5234,19100,6,6,18
Focus2,19,20790,47182,514263,20163,43683,153881,295,319,712,2076,2156,20393,1926,1984,5809,2,2,6
Focus2,20,21124,49421,535317,20504,45759,160148,297,322,716,2155,2239,21054,2015,2076,6267,2,2,3
Focus2,21,21422,51613,556405,20809,47798,166477,299,324,720,2109,2192,21088,1977,2039,6329,3,3,4
Focus2,22,21709,53897,579449,21105,49937,173482,301,327,724,2205,2283,23044,2080,2139,7005,2,2,4
Focus2,23,21733,54078,581385,21129,50106,174051,302,327,725,181,181,1936,169,169,569,0,0,0
Focus2,24,21733,54078,581385,21129,50106,174051,302,327,725,0,0,0,0,0,0,0,0,0
Focus2,25,21733,54078,581385,21129,50106,174051,302,327,725,0,0,0,0,0,0,0,0,0
Focus2,26,21733,54078,581385,21129,50106,174051,302,327,725,0,0,0,0,0,0,0,0,0
Focus2,27,21733,54078,581385,21129,50106,174051,302,327,725,0,0,0,0,0,0,0,0,0
Focus2,28,21733,54078,581385,21129,50106,174051,302,327,725,0,0,0,0,0,0,0,0,0
Focus2,29,21733,54078,581385,21129,50106,174051,302,327,725,0,0,0,0,0,0,0,0,0
Focus2,30,21733,54078,581385,21129,50106,174051,302,327,725,0,0,0,0,0,0,0,0,0
Focus2,31,21733,54078,581385,21129,50106,174051,302,327,725,0,0,0,0,0,0,0,0,0
Focus2,32,21733,54078,581385,21129,50106,174051,302,327,725,0,0,0,0,0,0,0,0,0
Focus2,33,21733,54078,581385,21129,50106,174051,302,327,725,0,0,0,0,0,0,0,0,0
Focus2,34,21733,54078,581385,21129,50106,174051,302,327,725,0,0,0,0,0,0,0,0,0
Focus2,35,21733,54078,581385,21129,50106,174051,302,327,725,0,0,0,0,0,0,0,0,0
Focus2,36,21733,54078,581385,21129,50106,174051,302,327,725,0,0,0,0,0,0,0,0,0
Focus2,37,21733,54078,581385,21129,50106,174051,302,327,725,0,0,0,0,0,0,0,0,0
Focus2,38,21733,54078,581385,21129,50106,174051,302,327,725,0,0,0,0,0,0,0,0,0
Focus2,39,21733,54078,581385,21129,50106,174051,302,327,725,0,0,0,0,0,0,0,0,0
Focus2,40,21733,54078,581385,21129,50106,174051,302,327,725,0,0,0,0,0,0,0,0,0
Focus2,41,21733,54078,581385,21129,50106,174051,302,327,725,0,0,0,0,0,0,0,0,0
Focus2,42,21733,54078,581385,21129,50106,174051,302,327,725,0,0,0,0,0,0,0,0,0
Focus2,43,21733,54078,581385,21129,50106,174051,302,327,725,0,0,0,0,0,0,0,0,0
Focus2,44,21733,54078,581385,21129,50106,174051,302,327,725,0,0,0,0,0,0,0,0,0
Focus2,45,21733,54078,581385,21129,50106,174051,302,327,725,0,0,0,0,0,0,0,0,0
Focus2,46,21733,54078,581385,21129,50106,174051,302,327,725,0,0,0,0,0,0,0,0,0
Focus2,47,21733,54078,581385,21129,50106,174051,302,327,725,0,0,0,0,0,0,0,0,0
Focus2,48,21733,54078,581385,21129,50106,174051,302,327,725,0,0,0,0,0,0,0,0,0
Focus2,49,21733,54078,581385,21129,50106,174051,302,327,725,0,0,0,0,0,0,0,0,0
Focus2,50,21733,54078,581385,21129,50106,174051,302,327,725,0,0,0,0,0,0,0,0,0
Focus2,51,21733,54078,581385,21129,50106,174051,302,327,725,0,0,0,0,0,0,0,0,0
Focus2,52,21733,54078,581385,21129,50106,174051,302,327,725,0,0,0,0,0,0,0,0,0
Diverse2,1,7037,7501,137857,4660,4775,13889,1014,1085,2798,7037,7501,137857,4660,4775,13889,1014,1085,2798
Diverse2,2,13021,14470,248660,8781,9228,27433,1555,1701,4367,6613,6969,110803,4361,4453,13544,586,616,1570
Diverse2,3,17891,20540,350753,12754,13758,41920,1892,2101,5428,5821,6070,102093,4436,4529,14487,382,400,1061
Diverse2,4,23979,28568,489163,18126,20216,65370,2201,2466,6354,7693,8028,138410,6302,6458,23450,351,365,926
Diverse2,5,30897,38376,657190,24466,28358,96779,2469,2786,7312,9379,9808,168026,7917,8142,31409,309,320,958
Diverse2,6,40749,53608,913483,33987,41652,146919,2703,3063,8035,14349,15231,256294,12727,13295,50141,271,278,723
Diverse2,7,46135,63316,1067497,38844,49362,168167,2827,3216,8409,9222,9708,154014,7453,7710,21247,149,152,373
Diverse2,8,49061,69630,1164689,41394,54201,182373,2905,3312,8635,6075,6314,97192,4734,4839,14207,95,96,227
Diverse2,9,52088,76647,1276022,44100,59726,199933,2976,3399,8837,6750,7017,111333,5399,5525,17560,86,87,202
Diverse2,10,54969,83783,1391365,46689,65327,218306,3035,3473,9006,6859,7136,115343,5471,5601,18373,73,74,169
Diverse2,11,58033,91881,1524700,49450,71665,239835,3084,3535,9150,7753,8098,133335,6170,6338,21529,60,61,144
Diverse2,12,61571,102069,1701686,52531,79324,265391,3144,3606,9302,9617,10188,176986,7389,7659,25556,71,71,152
Diverse2,13,63320,107501,1783958,54083,83383,276028,3180,3653,9403,5236,5433,82272,3980,4059,10637,46,47,100
Diverse2,14,65232,113759,1881715,55851,88258,289598,3210,3691,9471,6022,6258,97757,4767,4876,13570,37,37,69
Diverse2,15,67205,120641,1992201,57710,93691,305732,3239,3727,9560,6610,6882,110486,5301,5432,16134,36,36,88
Diverse2,16,69268,128266,2116329,59711,99825,325173,3268,3762,9624,7312,7625,124128,5978,6134,19441,34,35,64
Diverse2,17,71974,138829,2294826,62454,108653,356686,3303,3805,9705,10050,10563,178496,8547,8828,31513,43,43,81
Diverse2,18,76348,156974,2612204,67128,124535,411884,3349,3860,9807,16929,18145,317378,15095,15882,55198,55,55,102
Diverse2,19,77967,164604,2728716,68732,130617,428551,3371,3886,9861,7306,7630,116512,5917,6082,16667,26,26,54
Diverse2,20,79445,172265,2841883,70225,136836,446201,3390,3910,9916,7329,7661,113167,6043,6219,17650,24,24,56
Diverse2,21,80829,179778,2953648,71618,142933,463678,3412,3935,9969,7192,7513,111765,5924,6097,17477,25,25,53
Diverse2,22,82093,187191,3066064,72909,149023,482123,3433,3961,10032,7114,7413,112416,5927,6090,18445,26,26,63
Diverse2,23,82192,187795,3075400,73011,149522,483647,3434,3963,10037,602,604,9336,497,499,1524,2,2,5
Diverse2,24,82192,187795,3075400,73011,149522,483647,3434,3963,10037,0,0,0,0,0,0,0,0,0
Diverse2,25,82192,187795,3075400,73011,149522,483647,3434,3963,10037,0,0,0,0,0,0,0,0,0
Diverse2,26,82192,187795,3075400,73011,149522,483647,3434,3963,10037,0,0,0,0,0,0,0,0,0
Diverse2,27,82192,187795,3075400,73011,149522,483647,3434,3963,10037,0,0,0,0,0,0,0,0,0
Diverse2,28,82192,187795,3075400,73011,149522,483647,3434,3963,10037,0,0,0,0,0,0,0,0,0
Diverse2,29,82192,187795,3075400,73011,149522,483647,3434,3963,10037,0,0,0,0,0,0,0,0,0
Diverse2,30,82192,187795,3075400,73011,149522,483647,3434,3963,10037,0,0,0,0,0,0,0,0,0
Diverse2,31,82192,187795,3075400,73011,149522,483647,3434,3963,10037,0,0,0,0,0,0,0,0,0
Diverse2,32,82192,187795,3075400,73011,149522,483647,3434,3963,10037,0,0,0,0,0,0,0,0,0
Diverse2,33,82192,187795,3075400,73011,149522,483647,3434,3963,10037,0,0,0,0,0,0,0,0,0
Diverse2,34,82192,187795,3075400,73011,149522,483647,3434,3963,10037,0,0,0,0,0,0,0,0,0
Diverse2,35,82192,187795,3075400,73011,149522,483647,3434,3963,10037,0,0,0,0,0,0,0,0,0
Diverse2,36,82192,187795,3075400,73011,149522,483647,3434,3963,10037,0,0,0,0,0,0,0,0,0
Diverse2,37,82192,187795,3075400,73011,149522,483647,3434,3963,10037,0,0,0,0,0,0,0,0,0
Diverse2,38,82192,187795,3075400,73011,149522,483647,3434,3963,10037,0,0,0,0,0,0,0,0,0
Diverse2,39,82192,187795,3075400,73011,149522,483647,3434,3963,10037,0,0,0,0,0,0,0,0,0
Diverse2,40,82192,187795,3075400,73011,149522,483647,3434,3963,10037,0,0,0,0,0,0,0,0,0
Diverse2,41,82192,187795,3075400,73011,149522,483647,3434,3963,10037,0,0,0,0,0,0,0,0,0
Diverse2,42,82192,187795,3075400,73011,149522,483647,3434,3963,10037,0,0,0,0,0,0,0,0,0
Diverse2,43,82192,187795,3075400,73011,149522,483647,3434,3963,10037,0,0,0,0,0,0,0,0,0
Diverse2,44,82192,187795,3075400,73011,149522,483647,3434,3963,10037,0,0,0,0,0,0,0,0,0
Diverse2,45,82192,187795,3075400,73011,149522,483647,3434,3963,10037,0,0,0,0,0,0,0,0,0
Diverse2,46,82192,187795,3075400,73011,149522,483647,3434,3963,10037,0,0,0,0,0,0,0,0,0
Diverse2,47,82192,187795,3075400,73011,149522,483647,3434,3963,10037,0,0,0,0,0,0,0,0,0
Diverse2,48,82192,187795,3075400,73011,149522,483647,3434,3963,10037,0,0,0,0,0,0,0,0,0
Diverse2,49,82192,187795,3075400,73011,149522,483647,3434,3963,10037,0,0,0,0,0,0,0,0,0
Diverse2,50,82192,187795,3075400,73011,149522,483647,3434,3963,10037,0,0,0,0,0,0,0,0,0
Diverse2,51,82192,187795,3075400,73011,149522,483647,3434,3963,10037,0,0,0,0,0,0,0,0,0
Diverse2,52,82192,187795,3075400,73011,149522,483647,3434,3963,10037,0,0,0,0,0,0,0,0,0
,,,,,,,,,,,,,,,,,,,
,,,,,,,,,,,,,,,,,,,
,,,,,,,,,,,,,,,,,,,
,,,,,,,,,,,,,,,,,,,
,,,,,,,,,,,,,,,,,,,
,,,,,,,,,,,,,,,,,,,
,,,,,,,,,,,,,,,,,,,
,,,,,,,,,,,,,,,,,,,
,,,,,,,,,,,,,,,,,,,
,,,,,,,,,,,,,,,,,,,
,,,,,,,,,,,,,,,,,,,
,,,,,,,,,,,,,,,,,,,
,,,,,,,,,,,,,,,,,,,
,,,,,,,,,,,,,,,,,,,
,,,,,,,,,,,,,,,,,,,
,,,,,,,,,,,,,,,,,,,
,,,,,,,,,,,,,,,,,,,
,,,,,,,,,,,,,,,,,,,
,,,,,,,,,,,,,,,,,,,
,,,,,,,,,,,,,,,,,,,
,,,,,,,,,,,,,,,,,,,
,,,,,,,,,,,,,,,,,,,
,,,,,,,,,,,,,,,,,,,
,,,,,,,,,,,,,,,,,,,
,,,,,,,,,,,,,,,,,,,
,,,,,,,,,,,,,,,,,,,
,,,,,,,,,,,,,,,,,,,
,,,,,,,,,,,,,,,,,,,
,,,,,,,,,,,,,,,,,,,
,,,,,,,,,,,,,,,,,,,
,,,,,,,,,,,,,,,,,,,
,,,,,,,,,,,,,,,,,,,
,,,,,,,,,,,,,,,,,,,
,,,,,,,,,,,,,,,,,,,
,,,,,,,,,,,,,,,,,,,
,,,,,,,,,,,,,,,,,,,
,,,,,,,,,,,,,,,,,,,
,,,,,,,,,,,,,,,,,,,
,,,,,,,,,,,,,,,,,,,
,,,,,,,,,,,,,,,,,,,
,,,,,,,,,,,,,,,,,,,
,,,,,,,,,,,,,,,,,,,
,,,,,,,,,,,,,,,,,,,
,,,,,,,,,,,,,,,,,,,
,,,,,,,,,,,,,,,,,,,
,,,,,,,,,,,,,,,,,,,
,,,,,,,,,,,,,,,,,,,
,,,,,,,,,,,,,,,,,,,
,,,,,,,,,,,,,,,,,,,
,,,,,,,,,,,,,,,,,,,
,,,,,,,,,,,,,,,,,,,
,,,,,,,,,,,,,,,,,,,